threshold,accuracy,mel_precision,mel_recall,mel_f1,mel_FN,mel_to_nv,nv_to_mel,selection_score
0.3,0.854618072890664,0.5993953136810279,0.7124887690925427,0.6510673234811166,320,241,323,0.6500402788178798
0.32,0.855716425361957,0.6125696101829753,0.6918238993710691,0.6497890295358649,343,261,292,0.6481747755385305
0.28,0.8517224163754369,0.580945558739255,0.7286612758310872,0.6464726982861698,302,228,356,0.6469864961154447
0.29,0.8525212181727408,0.5878030859662013,0.7187780772686433,0.6467259498787389,313,236,342,0.6463544962397986
0.31,0.854518222666001,0.6037296037296037,0.6981132075471698,0.6475,336,255,312,0.645502551835922
0.27,0.8503245132301548,0.5709318497913769,0.7376460017969452,0.6436691493531949,292,219,377,0.6448822979310367
0.39,0.8591113330004992,0.6514598540145985,0.6415094339622641,0.6464463558171119,399,302,216,0.6447718855914902
0.4,0.8595107338991512,0.6564814814814814,0.6370170709793351,0.6466028271773826,404,306,211,0.6445839127462025
0.33,0.8559161258112831,0.6171428571428571,0.6792452830188679,0.6467065868263473,357,269,282,0.644432291666121
0.26,0.8496255616575137,0.5664383561643835,0.74303683737646,0.6428293820443063,286,215,389,0.6442105311462967
0.42,0.8602096854717923,0.6657115568290354,0.6262353998203055,0.6453703703703704,416,314,194,0.6439370420074229
0.43,0.8603095356964553,0.6692456479690522,0.6217430368373764,0.6446204005589194,421,318,190,0.643059298423496
0.41,0.8597104343484773,0.660377358490566,0.6289308176100629,0.6442705936493327,413,312,202,0.6426120559917908
0.34,0.8559161258112831,0.6206322795341098,0.6702605570530099,0.6444924406047516,367,278,273,0.6420455488049377
0.35,0.8564153769345981,0.6262711864406779,0.6639712488769093,0.6445704317488007,374,282,263,0.6419716999521397
0.38,0.8578132800798802,0.6422182468694096,0.6451033243486074,0.6436575526669654,395,299,230,0.6416949970731892
0.37,0.8573140289565652,0.6378091872791519,0.6486972147349506,0.643207126948775,391,296,239,0.6409132008722829
0.44,0.8599101347978033,0.6699314397649363,0.6145552560646901,0.6410496719775071,429,324,186,0.6397550275225605
0.25,0.8476285571642537,0.5539377895433488,0.7520215633423181,0.6379573170731707,276,206,422,0.6392255802533363
0.36,0.8564153769345981,0.6302083333333334,0.6522911051212938,0.6410596026490066,387,293,251,0.6386342697977877
0.45,0.8601098352471293,0.6736318407960199,0.6082659478885895,0.6392823418319169,436,330,178,0.6384923231264608
0.24,0.8460309535696455,0.5467440361057382,0.7619047619047619,0.6366366366366366,265,197,445,0.6380191192416471
0.46,0.8600099850224663,0.6736526946107785,0.6064690026954178,0.6382978723404256,438,332,177,0.6376161300772536
0.47,0.8599101347978033,0.6750503018108652,0.6028751123090745,0.6369245372567631,442,336,174,0.6364105629549146
0.48,0.8599101347978033,0.6764705882352942,0.5992812219227314,0.635540733682706,446,340,170,0.6353700100398025
0.23,0.8441337993010485,0.5369674185463659,0.7699910152740341,0.6327057954964932,256,191,469,0.6347286943852494
0.49,0.8595107338991512,0.6758691206543967,0.5938903863432166,0.632233381157341,452,346,168,0.6323708904524438
0.5,0.8595107338991512,0.6762295081967213,0.5929919137466307,0.6318812829104835,453,347,167,0.6321097054080954
0.51,0.8595107338991512,0.6762295081967213,0.5929919137466307,0.6318812829104835,453,347,167,0.6321097054080954
0.52,0.8595107338991512,0.6762295081967213,0.5929919137466307,0.6318812829104835,453,347,167,0.6321097054080954
0.53,0.8595107338991512,0.6762295081967213,0.5929919137466307,0.6318812829104835,453,347,167,0.6321097054080954
0.54,0.8595107338991512,0.6762295081967213,0.5929919137466307,0.6318812829104835,453,347,167,0.6321097054080954
0.55,0.8595107338991512,0.6762295081967213,0.5929919137466307,0.6318812829104835,453,347,167,0.6321097054080954
0.56,0.8595107338991512,0.6762295081967213,0.5929919137466307,0.6318812829104835,453,347,167,0.6321097054080954
0.57,0.8595107338991512,0.6762295081967213,0.5929919137466307,0.6318812829104835,453,347,167,0.6321097054080954
0.58,0.8595107338991512,0.6762295081967213,0.5929919137466307,0.6318812829104835,453,347,167,0.6321097054080954
0.59,0.8595107338991512,0.6762295081967213,0.5929919137466307,0.6318812829104835,453,347,167,0.6321097054080954
0.6,0.8595107338991512,0.6762295081967213,0.5929919137466307,0.6318812829104835,453,347,167,0.6321097054080954
0.61,0.8595107338991512,0.6762295081967213,0.5929919137466307,0.6318812829104835,453,347,167,0.6321097054080954
0.62,0.8595107338991512,0.6762295081967213,0.5929919137466307,0.6318812829104835,453,347,167,0.6321097054080954
0.63,0.8595107338991512,0.6762295081967213,0.5929919137466307,0.6318812829104835,453,347,167,0.6321097054080954
0.64,0.8595107338991512,0.6762295081967213,0.5929919137466307,0.6318812829104835,453,347,167,0.6321097054080954
0.65,0.8595107338991512,0.6762295081967213,0.5929919137466307,0.6318812829104835,453,347,167,0.6321097054080954
0.66,0.8595107338991512,0.6762295081967213,0.5929919137466307,0.6318812829104835,453,347,167,0.6321097054080954
0.67,0.8595107338991512,0.6762295081967213,0.5929919137466307,0.6318812829104835,453,347,167,0.6321097054080954
0.68,0.8595107338991512,0.6762295081967213,0.5929919137466307,0.6318812829104835,453,347,167,0.6321097054080954
0.69,0.8595107338991512,0.6762295081967213,0.5929919137466307,0.6318812829104835,453,347,167,0.6321097054080954
0.7,0.8595107338991512,0.6762295081967213,0.5929919137466307,0.6318812829104835,453,347,167,0.6321097054080954
0.71,0.8595107338991512,0.6762295081967213,0.5929919137466307,0.6318812829104835,453,347,167,0.6321097054080954
0.72,0.8595107338991512,0.6762295081967213,0.5929919137466307,0.6318812829104835,453,347,167,0.6321097054080954
0.73,0.8595107338991512,0.6762295081967213,0.5929919137466307,0.6318812829104835,453,347,167,0.6321097054080954
0.74,0.8595107338991512,0.6762295081967213,0.5929919137466307,0.6318812829104835,453,347,167,0.6321097054080954
0.75,0.8595107338991512,0.6762295081967213,0.5929919137466307,0.6318812829104835,453,347,167,0.6321097054080954
0.76,0.8595107338991512,0.6762295081967213,0.5929919137466307,0.6318812829104835,453,347,167,0.6321097054080954
0.77,0.8595107338991512,0.6762295081967213,0.5929919137466307,0.6318812829104835,453,347,167,0.6321097054080954
0.78,0.8595107338991512,0.6762295081967213,0.5929919137466307,0.6318812829104835,453,347,167,0.6321097054080954
0.79,0.8595107338991512,0.6762295081967213,0.5929919137466307,0.6318812829104835,453,347,167,0.6321097054080954
0.8,0.8595107338991512,0.6762295081967213,0.5929919137466307,0.6318812829104835,453,347,167,0.6321097054080954
0.22,0.8418372441337993,0.5263796240145543,0.779874213836478,0.6285300506879073,245,183,500,0.6308535624659622
0.21,0.8382426360459311,0.5128504672897196,0.788858939802336,0.6215929203539823,235,175,535,0.6245556122354148
0.2,0.836145781328008,0.5048158640226629,0.8005390835579514,0.6191799861014593,222,164,568,0.6220414846433384
0.19,0.8321517723414877,0.49182115594329334,0.8104222821203954,0.6121479470648117,211,155,612,0.6147467299696798
0.18,0.8290564153769346,0.4813059505002633,0.821203953279425,0.6069057104913679,199,146,647,0.6102030063053132
0.17,0.8256615077383924,0.47091836734693876,0.8292902066486972,0.6007159127888058,190,140,687,0.6035221812436933
0.16,0.8219670494258612,0.4589276930644368,0.8382749326145552,0.593134138588684,180,131,726,0.5966475313379591
0.15,0.817174238642037,0.4467680608365019,0.8445642407906558,0.5843953994404725,173,126,775,0.5866597748994411
0.14,0.8125811283075387,0.4363803399173174,0.8535489667565139,0.5775075987841946,163,119,819,0.5793500855730901
0.13,0.8060908637044434,0.4218612818261633,0.8634321653189577,0.5667944559127102,152,110,883,0.5673524021648365
0.12,0.8008986520219671,0.411590524534687,0.8742138364779874,0.5596778832326719,140,103,936,0.559272560617635
0.11,0.7936095856215677,0.3974878444084279,0.8814016172506739,0.5478916503769896,132,96,1001,0.545667644186363
0.1,0.7859211183225162,0.38449672194369455,0.8957771787960467,0.5380464112250405,116,83,1073,0.5345785343307551
0.09,0.7776335496754868,0.3721359940872136,0.9047619047619048,0.527363184079602,106,75,1149,0.5204872864863576
0.08,0.7690464303544683,0.36049382716049383,0.9182389937106918,0.5177304964539007,91,63,1223,0.5088705479034077
0.07,0.7572641038442337,0.34670678702774993,0.9317160826594789,0.5053606237816765,76,54,1321,0.4920370336593467
0.06,0.744283574638043,0.33079847908745247,0.9380053908355795,0.48910751932536894,69,50,1424,0.4699166403104871
0.05,0.728107838242636,0.3149302463639062,0.9532794249775381,0.47344935296742524,52,38,1559,0.4463025381977859
